Time,Voltage,Current,SoC
0,4.186875343322754,-0.0,100.0
1,4.01168966293335,4.850397109985352,99.97221994782367
2,4.006130695343018,4.850405216217041,99.94443984921992
3,4.00184965133667,4.850367546081543,99.91665996636722
4,3.9982380867004395,4.8504791259765625,99.8888794444544
5,3.9949984550476074,4.850411891937256,99.86109930761629
6,3.992075204849243,4.85042667388916,99.83331908611635
7,3.9894301891326904,4.850459098815918,99.80553867890663
8,3.986889362335205,4.850419998168945,99.77775849564105
9,3.984544277191162,4.850457191467285,99.74997809935545
10,3.982316493988037,4.850400924682617,99.72219802533091
11,3.980276346206665,4.850399971008301,99.69441795676845
12,3.9783143997192383,4.850400924682617,99.66663788274391
13,3.9765465259552,4.850435256958008,99.6388576120855
14,3.9746923446655273,4.8505048751831055,99.61107694269728
15,3.9728479385375977,4.850452423095703,99.58329657372194
16,3.9713633060455322,4.8504438400268555,99.55551625390507
17,3.9697864055633545,4.850411891937256,99.52773611706694
18,3.9680793285369873,4.850462436676025,99.49995569074004
19,3.9666781425476074,4.850371360778809,99.47217578603913
20,3.965230941772461,4.850438117980957,99.44439549899457
21,3.9638609886169434,4.850478172302246,99.4166149825438
22,3.962602376937866,4.850400924682617,99.38883490851927
23,3.9611897468566895,4.850444793701172,99.36105458324035
24,3.9599807262420654,4.850468158721924,99.33327412414114
25,3.9586567878723145,4.8504228591918945,99.30549392448941
26,3.957536458969116,4.850521564483643,99.27771315951527
27,3.956303834915161,4.850062847137451,99.24993502178826
28,3.9552459716796875,4.850071430206299,99.22215683490276
29,3.954012632369995,4.8500752449035645,99.19437862616907
30,3.952927827835083,4.850089073181152,99.16660033823561
31,3.951918601989746,4.850116729736328,99.13882189190265
32,3.9507858753204346,4.850080490112305,99.11104365312767
33,3.9498367309570312,4.85008430480957,99.08326539250447
34,3.9486753940582275,4.8500518798828125,99.05548731759106
35,3.9478766918182373,4.850057601928711,99.02770920990532
36,3.946808338165283,4.850048065185547,98.9999311568401
37,3.9458730220794678,4.850073337554932,98.97215295903052
38,3.944986343383789,4.850071430206299,98.94437477214503
39,3.94390606880188,4.8500752449035645,98.91659656341133
40,3.943027973175049,4.8500518798828125,98.88881848849792
41,3.942143201828003,4.850073337554932,98.86104029068832
42,3.941291332244873,4.850116729736328,98.83326184435535
43,3.9404289722442627,4.85009765625,98.80548350726343
44,3.9395649433135986,4.850123882293701,98.77770501996507
45,3.938861846923828,4.850066661834717,98.74992686038983
46,3.937875986099243,4.850092887878418,98.72214855060818
47,3.9371094703674316,4.850128650665283,98.69437003599955
48,3.9363811016082764,4.850090026855469,98.66659174260406
49,3.9356212615966797,4.850106239318848,98.63881335635365
50,3.934730291366577,4.850110054016113,98.61103494825505
51,3.9340107440948486,4.850123882293701,98.58325646095669
52,3.9331448078155518,4.8501081466674805,98.55547806378219
53,3.93251895904541,4.850090980529785,98.52769976492463
54,3.931675910949707,4.850088119506836,98.49992148245323
55,3.9311742782592773,4.85011100769043,98.47214306889258
56,3.9303486347198486,4.850110054016113,98.44436466079398
57,3.929591417312622,4.8501296043396,98.4165861407233
58,3.929206371307373,4.850089073181152,98.38880785278984
59,3.928330183029175,4.850100517272949,98.36102949931177
60,3.92760968208313,4.850080490112305,98.33325126053678
61,3.9269142150878906,4.850091934204102,98.30547295621717
62,3.9263274669647217,4.850141525268555,98.27769436787084
63,3.925711154937744,4.850121974945068,98.24991589149658
64,3.9250800609588623,4.850096702575684,98.22213755986671
65,3.9243578910827637,4.85015869140625,98.19435887320344
66,3.9238624572753906,4.850122928619385,98.16658039136713
67,3.9232711791992188,4.8501434326171875,98.13880179209671
68,3.9225802421569824,4.8501296043396,98.11102327202603
69,3.9219682216644287,4.850161552429199,98.08324456897661
70,3.921403408050537,4.850091934204102,98.055466264657
71,3.9207592010498047,4.850106239318848,98.02768787840661
72,3.920231580734253,4.850078582763672,97.99990965055572
73,3.9196901321411133,4.850154876708984,97.97213098574068
74,3.9191625118255615,4.8501296043396,97.94435246567
75,3.9186322689056396,4.850121021270752,97.9165739947578
76,3.91802716255188,4.850114822387695,97.88879555934894
77,3.9175527095794678,4.850106239318848,97.86101717309853
78,3.9169538021087646,4.850095748901367,97.83323884693071
79,3.9163877964019775,4.8501482009887695,97.80546022035003
80,3.915855884552002,4.850035667419434,97.77768223829149
81,3.9153003692626953,4.8501200675964355,97.74990377284134
82,3.914963960647583,4.850185871124268,97.72212493050958
83,3.914454698562622,4.850149154663086,97.69434629846684
84,3.913886070251465,4.850111961364746,97.66656787944413
85,3.9133968353271484,4.850160598754883,97.63878918185677
86,3.9129605293273926,4.8501434326171875,97.61101058258633
87,3.912562370300293,4.850201606750488,97.58323165013071
88,3.912026882171631,4.85012674331665,97.5554531464462
89,3.9114696979522705,4.850122928619385,97.52767466460989
90,3.910998582839966,4.850140571594238,97.49989608172562
91,3.910588264465332,4.850101470947266,97.47211772278548
92,3.9100685119628906,4.850132942199707,97.44433918359763
93,3.909747838973999,4.850063800811768,97.41656104040855
94,3.909146308898926,4.850150108337402,97.38878240290376
95,3.9087767601013184,4.8501176834106445,97.36100395110874
96,3.9083683490753174,4.850124835968018,97.33322545834832
97,3.9079623222351074,4.850124835968018,97.30544696558792
98,3.907546043395996,4.850128650665283,97.27766845097929
99,3.9070444107055664,4.850130558013916,97.24988992544657
100,3.9067089557647705,4.850096702575684,97.22211159381669
101,3.9063637256622314,4.85017204284668,97.1943328306847
102,3.9058926105499268,4.850141525268555,97.16655424233838
103,3.9053823947906494,4.850081443786621,97.13877599810134
104,3.904959201812744,4.850095748901367,97.11099767193352
105,3.904608964920044,4.85013484954834,97.08321912182156
106,3.9041316509246826,4.850121021270752,97.05544065090936
107,3.903843879699707,4.8501386642456055,97.02766207894919
108,3.903425931930542,4.850102424621582,96.999883714547
109,3.9030261039733887,4.850121974945068,96.97210523817274
110,3.902647018432617,4.850089073181152,96.94432695023929
111,3.902194023132324,4.850086212158203,96.916548678692
112,3.9018959999084473,4.850109100341797,96.88877027605544
113,3.9015204906463623,4.850119113922119,96.86099181606734
114,3.901062488555908,4.850170135498047,96.83321306385945
115,3.900869369506836,4.850167274475098,96.8054343280377
116,3.900449514389038,4.8501386642456055,96.77765575607754
117,3.9001071453094482,4.850064754486084,96.74987760742641
118,3.899686336517334,4.850066661834717,96.72209944785119
119,3.8992769718170166,4.850132942199707,96.69432090866334
120,3.898982286453247,4.850139617919922,96.66654233124112
121,3.8985607624053955,4.8501176834106445,96.63876387944609
122,3.8982105255126953,4.850119113922119,96.61098541945799
123,3.8978888988494873,4.850150108337402,96.5832067819532
124,3.8975436687469482,4.850090026855469,96.5554284885577
125,3.897243022918701,4.850119113922119,96.5276500285696
126,3.8969013690948486,4.850121974945068,96.49987155219533
127,3.896540641784668,4.850122928619385,96.47209307035902
128,3.896289348602295,4.850147247314453,96.4443144492404
129,3.895864486694336,4.850132942199707,96.41653591005253
130,3.8954811096191406,4.85014533996582,96.388757299858
131,3.895228147506714,4.850162506103516,96.36097859134652
132,3.8948752880096436,4.85009765625,96.33320025425459
133,3.89441180229187,4.850123882293701,96.30542176695624
134,3.8942816257476807,4.850142478942871,96.27764317314787
135,3.8940529823303223,4.850123882293701,96.2498646858495
136,3.8935139179229736,4.850107192993164,96.22208629413706
137,3.8932714462280273,4.850135803222656,96.19430773856304
138,3.892881155014038,4.85013484954834,96.16652918845108
139,3.8926377296447754,4.8501482009887695,96.13875056187038
140,3.8923275470733643,4.8500518798828125,96.11097248695697
141,3.892071008682251,4.8501176834106445,96.08319403516195
142,3.8918025493621826,4.850083351135254,96.0554157800008
143,3.891505241394043,4.850154876708984,96.02763711518575
144,3.89125394821167,4.850123882293701,95.99985862788739
145,3.890883684158325,4.850136756896973,95.97208006685132
146,3.8905863761901855,4.85017204284668,95.94430130371933
147,3.890282154083252,4.850141525268555,95.916522715373
148,3.8900022506713867,4.850140571594238,95.88874413248872
149,3.8897197246551514,4.850113868713379,95.86096570254192
150,3.8893113136291504,4.85017728805542,95.83318690936864
151,3.8891513347625732,4.850150108337402,95.80540827186384
152,3.8888375759124756,4.850146293640137,95.77762965620725
153,3.8886845111846924,4.8500752449035645,95.74985144747355
154,3.888282060623169,4.850127696990967,95.72207293832699
155,3.8878986835479736,4.850198745727539,95.69429402225752
156,3.8874833583831787,4.8500823974609375,95.66651577255843
157,3.8874197006225586,4.850099563598633,95.6387374245424
158,3.8871078491210938,4.850161552429199,95.61095872149298
159,3.8867547512054443,4.850104331970215,95.58318034616669
160,3.886559247970581,4.850090980529785,95.55540204730913
161,3.8865044116973877,4.850090026855469,95.52762375391363
162,3.885881185531616,4.850153923034668,95.49984509456063
163,3.8857057094573975,4.850147247314453,95.47206647344198
164,3.8855152130126953,4.85012674331665,95.44428796975747
165,3.8851258754730225,4.850136756896973,95.4165094087214
166,3.885010242462158,4.850152015686035,95.3887307602925
167,3.8845834732055664,4.8501176834106445,95.36095230849747
168,3.8844122886657715,4.8501200675964355,95.33317384304732
169,3.8842263221740723,4.850121021270752,95.30539537213512
170,3.883840322494507,4.850150108337402,95.27761673463033
171,3.8834779262542725,4.8501129150390625,95.24983831014556
172,3.883345603942871,4.850114822387695,95.2220598747367
173,3.883031129837036,4.850092887878418,95.19428156495503
174,3.8827719688415527,4.850124835968018,95.16650307219463
175,3.882570266723633,4.850146293640137,95.13872445653804
176,3.882234811782837,4.850159645080566,95.11094576441272
177,3.8819758892059326,4.850132942199707,95.08316722522487
178,3.8817367553710938,4.85011100769043,95.05538881166422
179,3.8815724849700928,4.850105285644531,95.02761043087587
180,3.8812942504882812,4.850146293640137,94.99983181521928
181,3.8810901641845703,4.850142478942871,94.9720532214109
182,3.880737066268921,4.850152015686035,94.944274572982
183,3.880452871322632,4.85017204284668,94.91649580985
184,3.8802921772003174,4.850099563598633,94.88871746183398
185,3.8800313472747803,4.850136756896973,94.8609389007979
186,3.879688024520874,4.850135803222656,94.8331603452239
187,3.8796610832214355,4.850107192993164,94.80538195351146
188,3.879232406616211,4.850085258483887,94.77760368742621
189,3.8790483474731445,4.850115776062012,94.74982524655529
190,3.8788769245147705,4.850093841552734,94.72204693131157
191,3.8786492347717285,4.850123882293701,94.69426844401322
192,3.8783085346221924,4.850121974945068,94.66648996763895
193,3.8780486583709717,4.850161552429199,94.63871126458953
194,3.8777878284454346,4.850113868713379,94.61093283464272
195,3.8776540756225586,4.850151062011719,94.58315419167587
196,3.877347230911255,4.850099563598633,94.55537584365985
197,3.8769724369049072,4.850124835968018,94.52759735089943
198,3.876894235610962,4.850098609924316,94.49981900834545
199,3.876699686050415,4.8501386642456055,94.47204043638529
200,3.8764283657073975,4.850163459777832,94.44426172241177
201,3.8761353492736816,4.8501296043396,94.41648320234108
202,3.8759572505950928,4.850033760070801,94.38870523120666
203,3.8757643699645996,4.850104331970215,94.36092685588036
204,3.8755009174346924,4.850167274475098,94.33314812005864
205,3.8751914501190186,4.850128650665283,94.30536960545001
206,3.875087261199951,4.850130558013916,94.27759107991729
207,3.8748202323913574,4.85017728805542,94.249812286744
208,3.8745534420013428,4.850159645080566,94.22203359461868
209,3.874329090118408,4.850136756896973,94.19425503358262
210,3.8740909099578857,4.850076675415039,94.16647681665584
211,3.873777151107788,4.850144386291504,94.13869821192336
212,3.873671054840088,4.850191116333008,94.11091933955032
213,3.873370409011841,4.850135803222656,94.0831407839763
214,3.873185157775879,4.8501081466674805,94.0553623868018
215,3.872968912124634,4.8500871658325195,94.02758410979246
216,3.8726723194122314,4.850115776062012,93.99980566892154
217,3.872579336166382,4.850121974945068,93.97202719254729
218,3.872328281402588,4.85011100769043,93.94424877898663
219,3.8720579147338867,4.850090026855469,93.91647048559112
220,3.8719561100006104,4.850136756896973,93.88869192455506
221,3.871537208557129,4.850162506103516,93.86091321604358
222,3.871363401412964,4.850127696990967,93.83313470689701
223,3.8711068630218506,4.850161552429199,93.80535600384759
224,3.8709566593170166,4.850168228149414,93.77757726256381
225,3.87070631980896,4.8501200675964355,93.74979879711366
226,3.8705098628997803,4.850170135498047,93.72202004490576
227,3.8703725337982178,4.850113868713379,93.69424161495894
228,3.870236873626709,4.850128650665283,93.66646310035033
229,3.869673490524292,4.850105285644531,93.63868471956198
230,3.869629144668579,4.850088119506836,93.61090643709058
231,3.8694841861724854,4.850080490112305,93.58312819831559
232,3.869112968444824,4.850152015686035,93.5553495498867
233,3.8690025806427,4.850128650665283,93.52757103527807
234,3.8688087463378906,4.8501386642456055,93.4997924633179
235,3.8686556816101074,4.850103378295898,93.47201409345367
236,3.8684000968933105,4.850098609924316,93.4442357508997
237,3.8682706356048584,4.850111961364746,93.41645733187698
238,3.867922067642212,4.850092887878418,93.38867902209532
239,3.867785692214966,4.850131511688232,93.36090049110054
240,3.867431879043579,4.850105285644531,93.3331221103122
241,3.867295265197754,4.850127696990967,93.30534360116563
242,3.867079734802246,4.85013484954834,93.27756505105367
243,3.8669111728668213,4.850131511688232,93.24978652005889
244,3.8667538166046143,4.850127696990967,93.22200801091232
245,3.8664164543151855,4.85004997253418,93.19422994692302
246,3.8663408756256104,4.850083351135254,93.16645169176186
247,3.866018533706665,4.850090026855469,93.13867339836636
248,3.8658175468444824,4.850156784057617,93.1108947226272
249,3.8656187057495117,4.850153923034668,93.08311606327419
250,3.8654890060424805,4.850086212158203,93.0553377917269
251,3.865164041519165,4.850121974945068,93.02755931535265
252,3.8649580478668213,4.85011100769043,92.999780901792
253,3.864704132080078,4.85012674331665,92.97200239810746
254,3.8645763397216797,4.8501129150390625,92.94422397362271
255,3.8645033836364746,4.850171089172363,92.91644521595276
256,3.864102602005005,4.8501081466674805,92.88866681877826
257,3.8638689517974854,4.850116729736328,92.8608883724453
258,3.863772392272949,4.850105285644531,92.83310999165695
259,3.8635966777801514,4.850128650665283,92.80533147704834
260,3.8631646633148193,4.850161552429199,92.7775527739989
261,3.863051652908325,4.850123882293701,92.74977428670056
262,3.862985610961914,4.850092887878418,92.72199597691889
263,3.8627841472625732,4.850116729736328,92.69421753058592
264,3.8626554012298584,4.850111961364746,92.66643911156321
265,3.862391233444214,4.8501129150390625,92.63866068707846
266,3.8622000217437744,4.850164413452148,92.61088196764287
267,3.8619260787963867,4.8500752449035645,92.58310375890917
268,3.861787796020508,4.8501200675964355,92.55532529345902
269,3.8615705966949463,4.850102424621582,92.52754692905684
270,3.8612992763519287,4.850140571594238,92.49976834617256
271,3.861130714416504,4.850122928619385,92.47198986433625
272,3.860854387283325,4.8501200675964355,92.44421139888611
273,3.860705614089966,4.850163459777832,92.41643268491258
274,3.8604440689086914,4.850106239318848,92.38865429866219
275,3.8603014945983887,4.850172996520996,92.36087553006813
276,3.859903335571289,4.850141525268555,92.3330969417218
277,3.8599233627319336,4.850113868713379,92.305318511775
278,3.859692096710205,4.8500823974609375,92.2775402620759
279,3.8595471382141113,4.850116729736328,92.24976181574294
280,3.8593297004699707,4.850144386291504,92.22198321101045
281,3.8590662479400635,4.850083351135254,92.19420495584932
282,3.8588595390319824,4.850172996520996,92.16642618725527
283,3.858799457550049,4.850073337554932,92.13864798944567
284,3.8585257530212402,4.850127696990967,92.1108694802991
285,3.858358860015869,4.850115776062012,92.08309103942818
286,3.8582587242126465,4.850151062011719,92.05531239646133
287,3.857959032058716,4.850127696990967,92.02753388731477
288,3.8576416969299316,4.8501081466674805,91.99975549014027
289,3.8576278686523438,4.850076675415039,91.9719772732135
290,3.8573105335235596,4.850121974945068,91.94419879683923
291,3.8572113513946533,4.850136756896973,91.91642023580317
292,3.8569045066833496,4.8501691818237305,91.88864148905733
293,3.856714963912964,4.850095748901367,91.86086316288952
294,3.8565151691436768,4.850137710571289,91.8330845963914
295,3.85640811920166,4.850115776062012,91.80530615552048
296,3.8562240600585938,4.850183963775635,91.77752732411282
297,3.8559458255767822,4.8501386642456055,91.74974875215266
298,3.8558640480041504,4.850155830383301,91.72197008187555
299,3.855537176132202,4.850152969360352,91.69419142798459
300,3.8554599285125732,4.850146293640137,91.666412812328
301,3.855145215988159,4.850090980529785,91.63863451347045
302,3.8549845218658447,4.8501386642456055,91.61085594151028
303,3.854635000228882,4.85017204284668,91.58307717837829
304,3.8546645641326904,4.850110054016113,91.55529877027968
305,3.85435152053833,4.850172996520996,91.52752000168563
306,3.8543002605438232,4.850131511688232,91.49974147069085
307,3.8539979457855225,4.8501176834106445,91.47196301889583
308,3.853792667388916,4.850157737731934,91.44418433769462
309,3.8536152839660645,4.850116729736328,91.41640589136165
310,3.8535242080688477,4.850119113922119,91.38862743137355
311,3.853236436843872,4.850172996520996,91.3608486627795
312,3.8531076908111572,4.850119113922119,91.3330702027914
313,3.852847099304199,4.850123882293701,91.30529171549304
314,3.852738380432129,4.850119113922119,91.27751325550494
315,3.852464437484741,4.85015869140625,91.24973456884167
316,3.8523333072662354,4.850090026855469,91.22195627544617
317,3.8521010875701904,4.850114822387695,91.19417784003731
318,3.851937770843506,4.850078582763672,91.16639961218642
319,3.8518333435058594,4.8501081466674805,91.13862121501192
320,3.8516552448272705,4.850154876708984,91.11084255019688
321,3.8513362407684326,4.8501129150390625,91.08306412571211
322,3.851135492324829,4.850152969360352,91.05528547182116
323,3.8508782386779785,4.850194931030273,91.02750657759991
324,3.850860834121704,4.850109100341797,90.99972817496337
325,3.850656509399414,4.850139617919922,90.97194959754114
326,3.850294828414917,4.850101470947266,90.944171238601
327,3.850191593170166,4.850172996520996,90.91639247000695
328,3.850006341934204,4.85009765625,90.88861413291502
329,3.849808931350708,4.850182056427002,90.86083531243149
330,3.8495161533355713,4.850111961364746,90.83305689340878
331,3.8494935035705566,4.8501200675964355,90.80527842795863
332,3.849276065826416,4.850141525268555,90.7774998396123
333,3.84904408454895,4.850153923034668,90.74972118025929
334,3.8488929271698,4.8501386642456055,90.72194260829913
335,3.848656415939331,4.850125789642334,90.69416411007666
336,3.8485851287841797,4.850139617919922,90.66638553265443
337,3.8482000827789307,4.850119113922119,90.63860707266633
338,3.848180055618286,4.85014533996582,90.6108284624718
339,3.84804105758667,4.85013484954834,90.58304991235984
340,3.847715139389038,4.850139617919922,90.55527133493763
341,3.8475890159606934,4.850144386291504,90.52749273020514
342,3.847395181655884,4.850076675415039,90.49971451327836
343,3.847184896469116,4.8500776290893555,90.47193629088953
344,3.8470492362976074,4.850111961364746,90.44415787186682
345,3.8468422889709473,4.850114822387695,90.41637943645796
346,3.8466224670410156,4.850167274475098,90.38860070063623
347,3.8464598655700684,4.85017204284668,90.36082193750423
348,3.84623122215271,4.850109100341797,90.33304353486768
349,3.8461825847625732,4.850163459777832,90.30526482089415
350,3.845810651779175,4.850116729736328,90.27748637456118
351,3.845651388168335,4.850155830383301,90.24970770428408
352,3.845435857772827,4.850100517272949,90.221929350806
353,3.8452889919281006,4.8501296043396,90.19415083073532
354,3.84523606300354,4.850154876708984,90.16637216592027
355,3.844911813735962,4.850127696990967,90.1385936567737
356,3.8447232246398926,4.850105285644531,90.11081527598535
357,3.8444554805755615,4.85015869140625,90.08303658932209
358,3.8443188667297363,4.850125789642334,90.05525809109962
359,3.8440146446228027,4.8501129150390625,90.02747966661485
360,3.843881845474243,4.850130558013916,89.99970114108214
361,3.8438963890075684,4.8501296043396,89.97192262101146
362,4.004759788513184,-0.0,89.97192262101146
363,4.008962631225586,-0.0,89.97192262101146
364,4.012327671051025,-0.0,89.97192262101146
365,4.014922142028809,-0.0,89.97192262101146
366,4.017167568206787,-0.0,89.97192262101146
367,4.019209384918213,-0.0,89.97192262101146
368,4.020915508270264,-0.0,89.97192262101146
369,4.022601127624512,-0.0,89.97192262101146
370,4.024110794067383,-0.0,89.97192262101146
371,4.02541971206665,-0.0,89.97192262101146
372,4.026810646057129,-0.0,89.97192262101146
373,4.027986526489258,-0.0,89.97192262101146
374,4.0290985107421875,-0.0,89.97192262101146
375,4.030250072479248,-0.0,89.97192262101146
376,4.031221866607666,-0.0,89.97192262101146
377,4.032166004180908,-0.0,89.97192262101146
378,4.033082962036133,-0.0,89.97192262101146
379,4.034019947052002,-0.0,89.97192262101146
380,4.034872055053711,-0.0,89.97192262101146
381,4.035640239715576,-0.0,89.97192262101146
382,4.036527633666992,-0.0,89.97192262101146
383,4.037233829498291,-0.0,89.97192262101146
384,4.037837982177734,-0.0,89.97192262101146
385,4.0386176109313965,-0.0,89.97192262101146
386,4.039315223693848,-0.0,89.97192262101146
387,4.039965629577637,-0.0,89.97192262101146
388,4.040556907653809,-0.0,89.97192262101146
389,4.041187763214111,-0.0,89.97192262101146
390,4.041906833648682,-0.0,89.97192262101146
391,4.042328834533691,-0.0,89.97192262101146
392,4.043055057525635,-0.0,89.97192262101146
393,4.043540000915527,-0.0,89.97192262101146
394,4.044056415557861,-0.0,89.97192262101146
395,4.04453706741333,-0.0,89.97192262101146
396,4.0450568199157715,-0.0,89.97192262101146
397,4.0455851554870605,-0.0,89.97192262101146
398,4.0460920333862305,-0.0,89.97192262101146
399,4.046514511108398,-0.0,89.97192262101146
400,4.047006607055664,-0.0,89.97192262101146
401,4.0474653244018555,-0.0,89.97192262101146
402,4.047928810119629,-0.0,89.97192262101146
403,4.048144340515137,-0.0,89.97192262101146
404,4.048656940460205,-0.0,89.97192262101146
405,4.049160480499268,-0.0,89.97192262101146
406,4.049435138702393,-0.0,89.97192262101146
407,4.049906253814697,-0.0,89.97192262101146
408,4.050211429595947,-0.0,89.97192262101146
409,4.050731182098389,-0.0,89.97192262101146
410,4.0510406494140625,-0.0,89.97192262101146
411,4.051390647888184,-0.0,89.97192262101146
412,4.051705360412598,-0.0,89.97192262101146
413,4.05210542678833,-0.0,89.97192262101146
414,4.052505016326904,-0.0,89.97192262101146
415,4.052620887756348,-0.0,89.97192262101146
416,4.053126811981201,-0.0,89.97192262101146
417,4.0533952713012695,-0.0,89.97192262101146
418,4.053618431091309,-0.0,89.97192262101146
419,4.054045677185059,-0.0,89.97192262101146
420,4.054396629333496,-0.0,89.97192262101146
421,4.054632186889648,-0.0,89.97192262101146
422,4.0549163818359375,-0.0,89.97192262101146
423,4.055302143096924,-0.0,89.97192262101146
424,4.055540561676025,-0.0,89.97192262101146
425,4.055821418762207,-0.0,89.97192262101146
426,4.056201934814453,-0.0,89.97192262101146
427,4.056319236755371,-0.0,89.97192262101146
428,4.056641101837158,-0.0,89.97192262101146
429,4.0569167137146,-0.0,89.97192262101146
430,4.057236194610596,-0.0,89.97192262101146
431,4.057572841644287,-0.0,89.97192262101146
432,4.057840347290039,-0.0,89.97192262101146
433,4.05806303024292,-0.0,89.97192262101146
434,4.058297634124756,-0.0,89.97192262101146
435,4.058584690093994,-0.0,89.97192262101146
436,4.058998107910156,-0.0,89.97192262101146
437,4.059137344360352,-0.0,89.97192262101146
438,4.059381008148193,-0.0,89.97192262101146
439,4.05952787399292,-0.0,89.97192262101146
440,4.0599188804626465,-0.0,89.97192262101146
441,4.060215950012207,-0.0,89.97192262101146
442,4.060436248779297,-0.0,89.97192262101146
443,4.060539245605469,-0.0,89.97192262101146
444,4.0608391761779785,-0.0,89.97192262101146
445,4.061023712158203,-0.0,89.97192262101146
446,4.06127405166626,-0.0,89.97192262101146
447,4.06156587600708,-0.0,89.97192262101146
448,4.061791896820068,-0.0,89.97192262101146
449,4.0619425773620605,-0.0,89.97192262101146
450,4.0622639656066895,-0.0,89.97192262101146
451,4.06247615814209,-0.0,89.97192262101146
452,4.062746524810791,-0.0,89.97192262101146
453,4.062973499298096,-0.0,89.97192262101146
454,4.063247203826904,-0.0,89.97192262101146
455,4.0634355545043945,-0.0,89.97192262101146
456,4.063684463500977,-0.0,89.97192262101146
457,4.063871383666992,-0.0,89.97192262101146
458,4.064167499542236,-0.0,89.97192262101146
459,4.064403057098389,-0.0,89.97192262101146
460,4.0645623207092285,-0.0,89.97192262101146
461,4.0648193359375,-0.0,89.97192262101146
462,4.065074443817139,-0.0,89.97192262101146
463,4.065275192260742,-0.0,89.97192262101146
464,4.065357685089111,-0.0,89.97192262101146
465,4.065814971923828,-0.0,89.97192262101146
466,4.0657854080200195,-0.0,89.97192262101146
467,4.066135406494141,-0.0,89.97192262101146
468,4.066255569458008,-0.0,89.97192262101146
469,4.066534519195557,-0.0,89.97192262101146
470,4.066789150238037,-0.0,89.97192262101146
471,4.066961288452148,-0.0,89.97192262101146
472,4.06727933883667,-0.0,89.97192262101146
473,4.067440509796143,-0.0,89.97192262101146
474,4.067596912384033,-0.0,89.97192262101146
475,4.067706108093262,-0.0,89.97192262101146
476,4.068103313446045,-0.0,89.97192262101146
477,4.068274021148682,-0.0,89.97192262101146
478,4.068424224853516,-0.0,89.97192262101146
479,4.06854772567749,-0.0,89.97192262101146
480,4.068784236907959,-0.0,89.97192262101146
481,4.0690412521362305,-0.0,89.97192262101146
482,4.069271087646484,-0.0,89.97192262101146
483,4.069370746612549,-0.0,89.97192262101146
484,4.069484710693359,-0.0,89.97192262101146
485,4.069860458374023,-0.0,89.97192262101146
486,4.069947242736816,-0.0,89.97192262101146
487,4.070120811462402,-0.0,89.97192262101146
488,4.070277690887451,-0.0,89.97192262101146
489,4.070556640625,-0.0,89.97192262101146
490,4.070705890655518,-0.0,89.97192262101146
491,4.070972919464111,-0.0,89.97192262101146
492,4.07100248336792,-0.0,89.97192262101146
493,4.071272850036621,-0.0,89.97192262101146
494,4.071451663970947,-0.0,89.97192262101146
495,4.0716023445129395,-0.0,89.97192262101146
496,4.071688175201416,-0.0,89.97192262101146
497,4.071918487548828,-0.0,89.97192262101146
498,4.072137832641602,-0.0,89.97192262101146
499,4.072368144989014,-0.0,89.97192262101146
500,4.072432518005371,-0.0,89.97192262101146
501,4.072603702545166,-0.0,89.97192262101146
502,4.072768688201904,-0.0,89.97192262101146
503,4.0728983879089355,-0.0,89.97192262101146
504,4.073020935058594,-0.0,89.97192262101146
505,4.0731987953186035,-0.0,89.97192262101146
506,4.073305130004883,-0.0,89.97192262101146
507,4.073399066925049,-0.0,89.97192262101146
508,4.073607444763184,-0.0,89.97192262101146
509,4.073751926422119,-0.0,89.97192262101146
510,4.07399845123291,-0.0,89.97192262101146
511,4.074112415313721,-0.0,89.97192262101146
512,4.074306488037109,-0.0,89.97192262101146
513,4.074356555938721,-0.0,89.97192262101146
514,4.074449062347412,-0.0,89.97192262101146
515,4.0746541023254395,-0.0,89.97192262101146
516,4.074704647064209,-0.0,89.97192262101146
517,4.074817657470703,-0.0,89.97192262101146
518,4.0750250816345215,-0.0,89.97192262101146
519,4.075135707855225,-0.0,89.97192262101146
520,4.075328350067139,-0.0,89.97192262101146
521,4.075357437133789,-0.0,89.97192262101146
522,4.075459957122803,-0.0,89.97192262101146
523,4.075618743896484,-0.0,89.97192262101146
524,4.075719833374023,-0.0,89.97192262101146
525,4.075843334197998,-0.0,89.97192262101146
526,4.07595682144165,-0.0,89.97192262101146
527,4.076140403747559,-0.0,89.97192262101146
528,4.076435089111328,-0.0,89.97192262101146
529,4.076298713684082,-0.0,89.97192262101146
530,4.076582908630371,-0.0,89.97192262101146
531,4.07651948928833,-0.0,89.97192262101146
532,4.0767011642456055,-0.0,89.97192262101146
533,4.076776027679443,-0.0,89.97192262101146
534,4.076886177062988,-0.0,89.97192262101146
535,4.076969623565674,-0.0,89.97192262101146
536,4.0770583152771,-0.0,89.97192262101146
537,4.077245235443115,-0.0,89.97192262101146
538,4.077121734619141,-0.0,89.97192262101146
539,4.077456474304199,-0.0,89.97192262101146
540,4.077474594116211,-0.0,89.97192262101146
541,4.077511310577393,-0.0,89.97192262101146
542,4.07786226272583,-0.0,89.97192262101146
543,4.077733039855957,-0.0,89.97192262101146
544,4.077845096588135,-0.0,89.97192262101146
545,4.077932834625244,-0.0,89.97192262101146
546,4.078099727630615,-0.0,89.97192262101146
547,4.0782084465026855,-0.0,89.97192262101146
548,4.078186511993408,-0.0,89.97192262101146
549,4.078334331512451,-0.0,89.97192262101146
550,4.078388214111328,-0.0,89.97192262101146
551,4.078438758850098,-0.0,89.97192262101146
552,4.078481197357178,-0.0,89.97192262101146
553,4.078681945800781,-0.0,89.97192262101146
554,4.078621864318848,-0.0,89.97192262101146
555,4.078661918640137,-0.0,89.97192262101146
556,4.078851699829102,-0.0,89.97192262101146
557,4.078982830047607,-0.0,89.97192262101146
558,4.078911781311035,-0.0,89.97192262101146
559,4.079113006591797,-0.0,89.97192262101146
560,4.078986167907715,-0.0,89.97192262101146
561,4.079122066497803,-0.0,89.97192262101146
562,4.079233169555664,-0.0,89.97192262101146
563,4.0792999267578125,-0.0,89.97192262101146
564,4.079490661621094,-0.0,89.97192262101146
565,4.079240322113037,-0.0,89.97192262101146
566,4.079465389251709,-0.0,89.97192262101146
567,4.079504489898682,-0.0,89.97192262101146
568,4.079757213592529,-0.0,89.97192262101146
569,4.079742431640625,-0.0,89.97192262101146
570,4.079872131347656,-0.0,89.97192262101146
571,4.079843521118164,-0.0,89.97192262101146
572,4.079920768737793,-0.0,89.97192262101146
573,4.079954624176025,-0.0,89.97192262101146
574,4.080043315887451,-0.0,89.97192262101146
575,4.080042362213135,-0.0,89.97192262101146
576,4.080075263977051,-0.0,89.97192262101146
577,4.08017110824585,-0.0,89.97192262101146
578,4.080237865447998,-0.0,89.97192262101146
579,4.080303192138672,-0.0,89.97192262101146
580,4.0802903175354,-0.0,89.97192262101146
581,4.080399036407471,-0.0,89.97192262101146
582,4.08035945892334,-0.0,89.97192262101146
583,4.080409049987793,-0.0,89.97192262101146
584,4.080562114715576,-0.0,89.97192262101146
585,4.080535411834717,-0.0,89.97192262101146
586,4.080700397491455,-0.0,89.97192262101146
587,4.0806803703308105,-0.0,89.97192262101146
588,4.080709934234619,-0.0,89.97192262101146
589,4.080820560455322,-0.0,89.97192262101146
590,4.080845832824707,-0.0,89.97192262101146
591,4.080959320068359,-0.0,89.97192262101146
592,4.080855369567871,-0.0,89.97192262101146
593,4.080955982208252,-0.0,89.97192262101146
594,4.080976963043213,-0.0,89.97192262101146
595,4.0810394287109375,-0.0,89.97192262101146
596,4.081114292144775,-0.0,89.97192262101146
597,4.081140995025635,-0.0,89.97192262101146
598,4.081342697143555,-0.0,89.97192262101146
599,4.081262588500977,-0.0,89.97192262101146
600,4.081241130828857,-0.0,89.97192262101146
601,4.081274032592773,-0.0,89.97192262101146
602,4.081278324127197,-0.0,89.97192262101146
603,4.081512451171875,-0.0,89.97192262101146
604,4.081470489501953,-0.0,89.97192262101146
605,4.0814008712768555,-0.0,89.97192262101146
606,4.081541061401367,-0.0,89.97192262101146
607,4.081593990325928,-0.0,89.97192262101146
608,4.081632137298584,-0.0,89.97192262101146
609,4.081554889678955,-0.0,89.97192262101146
610,4.081651210784912,-0.0,89.97192262101146
611,4.081606864929199,-0.0,89.97192262101146
612,4.081719875335693,-0.0,89.97192262101146
613,4.081755638122559,-0.0,89.97192262101146
614,4.08192253112793,-0.0,89.97192262101146
615,4.081860065460205,-0.0,89.97192262101146
616,4.081855773925781,-0.0,89.97192262101146
617,4.08186674118042,-0.0,89.97192262101146
618,4.081822395324707,-0.0,89.97192262101146
619,4.081919193267822,-0.0,89.97192262101146
620,4.081993103027344,-0.0,89.97192262101146
621,4.082059860229492,-0.0,89.97192262101146
622,4.082039833068848,-0.0,89.97192262101146
623,4.082093715667725,-0.0,89.97192262101146
624,4.08217716217041,-0.0,89.97192262101146
625,4.082147598266602,-0.0,89.97192262101146
626,4.082156181335449,-0.0,89.97192262101146
627,4.082240581512451,-0.0,89.97192262101146
628,4.08223295211792,-0.0,89.97192262101146
629,4.082273006439209,-0.0,89.97192262101146
630,4.082458972930908,-0.0,89.97192262101146
631,4.082302570343018,-0.0,89.97192262101146
632,4.082321643829346,-0.0,89.97192262101146
633,4.0823493003845215,-0.0,89.97192262101146
634,4.082326889038086,-0.0,89.97192262101146
635,4.082489490509033,-0.0,89.97192262101146
636,4.082544803619385,-0.0,89.97192262101146
637,4.08253288269043,-0.0,89.97192262101146
638,4.082481384277344,-0.0,89.97192262101146
639,4.0825605392456055,-0.0,89.97192262101146
640,4.082529067993164,-0.0,89.97192262101146
641,4.082572937011719,-0.0,89.97192262101146
642,4.082736015319824,-0.0,89.97192262101146
643,4.082431793212891,-0.0,89.97192262101146
644,4.082650184631348,-0.0,89.97192262101146
645,4.082718849182129,-0.0,89.97192262101146
646,4.082671642303467,-0.0,89.97192262101146
647,4.082749366760254,-0.0,89.97192262101146
648,4.082788467407227,-0.0,89.97192262101146
649,4.082849979400635,-0.0,89.97192262101146
650,4.0827317237854,-0.0,89.97192262101146
651,4.082931041717529,-0.0,89.97192262101146
652,4.0829362869262695,-0.0,89.97192262101146
653,4.082839488983154,-0.0,89.97192262101146
654,4.08284330368042,-0.0,89.97192262101146
655,4.0828752517700195,-0.0,89.97192262101146
656,4.082887649536133,-0.0,89.97192262101146
657,4.0829362869262695,-0.0,89.97192262101146
658,4.082907199859619,-0.0,89.97192262101146
659,4.083067417144775,-0.0,89.97192262101146
660,4.083103656768799,-0.0,89.97192262101146
661,4.083064556121826,-0.0,89.97192262101146
662,4.082993507385254,-0.0,89.97192262101146
663,4.083204746246338,-0.0,89.97192262101146
664,4.083225727081299,-0.0,89.97192262101146
665,4.083088397979736,-0.0,89.97192262101146
666,4.083208084106445,-0.0,89.97192262101146
667,4.083080291748047,-0.0,89.97192262101146
668,4.083237648010254,-0.0,89.97192262101146
669,4.083117961883545,-0.0,89.97192262101146
670,4.083223819732666,-0.0,89.97192262101146
671,4.083257675170898,-0.0,89.97192262101146
672,4.0833539962768555,-0.0,89.97192262101146
673,4.0833635330200195,-0.0,89.97192262101146
674,4.083322048187256,-0.0,89.97192262101146
675,4.083322048187256,-0.0,89.97192262101146
676,4.083352565765381,-0.0,89.97192262101146
677,4.083350658416748,-0.0,89.97192262101146
678,4.083255290985107,-0.0,89.97192262101146
679,4.083419322967529,-0.0,89.97192262101146
680,4.08339262008667,-0.0,89.97192262101146
681,4.08343505859375,-0.0,89.97192262101146
682,4.083503723144531,-0.0,89.97192262101146
683,4.08338737487793,-0.0,89.97192262101146
684,4.083621025085449,-0.0,89.97192262101146
685,4.08363676071167,-0.0,89.97192262101146
686,4.083616733551025,-0.0,89.97192262101146
687,4.083496570587158,-0.0,89.97192262101146
688,4.08353328704834,-0.0,89.97192262101146
689,4.083549976348877,-0.0,89.97192262101146
690,4.0836029052734375,-0.0,89.97192262101146
691,4.0835957527160645,-0.0,89.97192262101146
692,4.083651542663574,-0.0,89.97192262101146
693,4.083697319030762,-0.0,89.97192262101146
694,4.0836663246154785,-0.0,89.97192262101146
695,4.083606243133545,-0.0,89.97192262101146
696,4.083708763122559,-0.0,89.97192262101146
697,4.083763599395752,-0.0,89.97192262101146
698,4.083871364593506,-0.0,89.97192262101146
699,4.083815097808838,-0.0,89.97192262101146
700,4.083723545074463,-0.0,89.97192262101146
701,4.083686351776123,-0.0,89.97192262101146
702,4.083904266357422,-0.0,89.97192262101146
703,4.083806037902832,-0.0,89.97192262101146
704,4.083905220031738,-0.0,89.97192262101146
705,4.083863735198975,-0.0,89.97192262101146
706,4.083842754364014,-0.0,89.97192262101146
707,4.083920955657959,-0.0,89.97192262101146
708,4.083944320678711,-0.0,89.97192262101146
709,4.084031105041504,-0.0,89.97192262101146
710,4.083913803100586,-0.0,89.97192262101146
711,4.083919048309326,-0.0,89.97192262101146
712,4.0839009284973145,-0.0,89.97192262101146
713,4.0839738845825195,-0.0,89.97192262101146
714,4.083912372589111,-0.0,89.97192262101146
715,4.083981037139893,-0.0,89.97192262101146
716,4.083987236022949,-0.0,89.97192262101146
717,4.084011554718018,-0.0,89.97192262101146
718,4.084006309509277,-0.0,89.97192262101146
719,4.084103584289551,-0.0,89.97192262101146
720,4.084319114685059,-0.0,89.97192262101146
721,4.084167957305908,-0.0,89.97192262101146
722,4.083998203277588,-0.0,89.97192262101146
723,4.08422327041626,-0.0,89.97192262101146
724,4.084049701690674,-0.0,89.97192262101146
725,4.084188461303711,-0.0,89.97192262101146
726,4.0843119621276855,-0.0,89.97192262101146
727,4.0841965675354,-0.0,89.97192262101146
728,4.084392070770264,-0.0,89.97192262101146
729,4.084217548370361,-0.0,89.97192262101146
730,4.084203243255615,-0.0,89.97192262101146
731,4.0842390060424805,-0.0,89.97192262101146
732,4.084207057952881,-0.0,89.97192262101146
733,4.084164142608643,-0.0,89.97192262101146
734,4.084232807159424,-0.0,89.97192262101146
735,4.084221839904785,-0.0,89.97192262101146
736,4.084338188171387,-0.0,89.97192262101146
737,4.084221839904785,-0.0,89.97192262101146
738,4.084238052368164,-0.0,89.97192262101146
739,4.084270477294922,-0.0,89.97192262101146
740,4.084353923797607,-0.0,89.97192262101146
741,4.084308624267578,-0.0,89.97192262101146
742,4.084417343139648,-0.0,89.97192262101146
743,4.08432149887085,-0.0,89.97192262101146
744,4.08439826965332,-0.0,89.97192262101146
745,4.084329605102539,-0.0,89.97192262101146
746,4.08438777923584,-0.0,89.97192262101146
747,4.084389686584473,-0.0,89.97192262101146
748,4.084437370300293,-0.0,89.97192262101146
749,4.084469318389893,-0.0,89.97192262101146
750,4.084352016448975,-0.0,89.97192262101146
751,4.084296226501465,-0.0,89.97192262101146
752,4.084517002105713,-0.0,89.97192262101146
753,4.0844831466674805,-0.0,89.97192262101146
754,4.084448337554932,-0.0,89.97192262101146
755,4.0845112800598145,-0.0,89.97192262101146
756,4.084550380706787,-0.0,89.97192262101146
757,4.084421634674072,-0.0,89.97192262101146
758,4.084380626678467,-0.0,89.97192262101146
759,4.084532737731934,-0.0,89.97192262101146
760,4.084458827972412,-0.0,89.97192262101146
761,4.084590435028076,-0.0,89.97192262101146
762,4.084661483764648,-0.0,89.97192262101146
763,4.0844573974609375,-0.0,89.97192262101146
764,4.084529399871826,-0.0,89.97192262101146
765,4.0847039222717285,-0.0,89.97192262101146
766,4.084662437438965,-0.0,89.97192262101146
767,4.084540843963623,-0.0,89.97192262101146
768,4.084648609161377,-0.0,89.97192262101146
769,4.084659576416016,-0.0,89.97192262101146
770,4.084610462188721,-0.0,89.97192262101146
771,4.084591865539551,-0.0,89.97192262101146
772,4.084676265716553,-0.0,89.97192262101146
773,4.084688663482666,-0.0,89.97192262101146
774,4.084812641143799,-0.0,89.97192262101146
775,4.0845842361450195,-0.0,89.97192262101146
776,4.084707736968994,-0.0,89.97192262101146
777,4.084705829620361,-0.0,89.97192262101146
778,4.084759712219238,-0.0,89.97192262101146
779,4.0847554206848145,-0.0,89.97192262101146
780,4.084721565246582,-0.0,89.97192262101146
781,4.0848493576049805,-0.0,89.97192262101146
782,4.084756374359131,-0.0,89.97192262101146
783,4.084720611572266,-0.0,89.97192262101146
784,4.084736347198486,-0.0,89.97192262101146
785,4.084867477416992,-0.0,89.97192262101146
786,4.08474588394165,-0.0,89.97192262101146
787,4.084665775299072,-0.0,89.97192262101146
788,4.08480167388916,-0.0,89.97192262101146
789,4.084847450256348,-0.0,89.97192262101146
790,4.084865093231201,-0.0,89.97192262101146
791,4.084863185882568,-0.0,89.97192262101146
792,4.08489990234375,-0.0,89.97192262101146
793,4.08499813079834,-0.0,89.97192262101146
794,4.0849456787109375,-0.0,89.97192262101146
795,4.084865570068359,-0.0,89.97192262101146
796,4.08487606048584,-0.0,89.97192262101146
797,4.084893703460693,-0.0,89.97192262101146
798,4.084832668304443,-0.0,89.97192262101146
799,4.0848708152771,-0.0,89.97192262101146
800,4.084975242614746,-0.0,89.97192262101146
801,4.084877967834473,-0.0,89.97192262101146
802,4.084983825683594,-0.0,89.97192262101146
803,4.084985733032227,-0.0,89.97192262101146
804,4.084859848022461,-0.0,89.97192262101146
805,4.084917068481445,-0.0,89.97192262101146
806,4.084929943084717,-0.0,89.97192262101146
807,4.085023880004883,-0.0,89.97192262101146
808,4.0850396156311035,-0.0,89.97192262101146
809,4.085170745849609,-0.0,89.97192262101146
810,4.085024833679199,-0.0,89.97192262101146
811,4.084926605224609,-0.0,89.97192262101146
812,4.0849833488464355,-0.0,89.97192262101146
813,4.084997177124023,-0.0,89.97192262101146
814,4.085078716278076,-0.0,89.97192262101146
815,4.084949016571045,-0.0,89.97192262101146
816,4.085052013397217,-0.0,89.97192262101146
817,4.085078716278076,-0.0,89.97192262101146
818,4.085078716278076,-0.0,89.97192262101146
819,4.085052013397217,-0.0,89.97192262101146
820,4.085066795349121,-0.0,89.97192262101146
821,4.085216045379639,-0.0,89.97192262101146
822,4.084939479827881,-0.0,89.97192262101146
823,4.08497953414917,-0.0,89.97192262101146
824,4.085107326507568,-0.0,89.97192262101146
825,4.085112571716309,-0.0,89.97192262101146
826,4.08507776260376,-0.0,89.97192262101146
827,4.084993362426758,-0.0,89.97192262101146
828,4.085150718688965,-0.0,89.97192262101146
829,4.0851240158081055,-0.0,89.97192262101146
830,4.085142135620117,-0.0,89.97192262101146
831,4.085097789764404,-0.0,89.97192262101146
832,4.085224628448486,-0.0,89.97192262101146
833,4.085228443145752,-0.0,89.97192262101146
834,4.085161209106445,-0.0,89.97192262101146
835,4.085208415985107,-0.0,89.97192262101146
836,4.085278511047363,-0.0,89.97192262101146
837,4.085363864898682,-0.0,89.97192262101146
838,4.085300445556641,-0.0,89.97192262101146
839,4.085213661193848,-0.0,89.97192262101146
840,4.0853447914123535,-0.0,89.97192262101146
841,4.085292816162109,-0.0,89.97192262101146
842,4.085231781005859,-0.0,89.97192262101146
843,4.085175037384033,-0.0,89.97192262101146
844,4.0852813720703125,-0.0,89.97192262101146
845,4.085205554962158,-0.0,89.97192262101146
846,4.085323810577393,-0.0,89.97192262101146
847,4.085263252258301,-0.0,89.97192262101146
848,4.085288047790527,-0.0,89.97192262101146
849,4.085121154785156,-0.0,89.97192262101146
850,4.085330009460449,-0.0,89.97192262101146
851,4.085333347320557,-0.0,89.97192262101146
852,4.085204601287842,-0.0,89.97192262101146
853,4.085291862487793,-0.0,89.97192262101146
854,4.085157871246338,-0.0,89.97192262101146
855,4.085192680358887,-0.0,89.97192262101146
856,4.085405349731445,-0.0,89.97192262101146
857,4.08534049987793,-0.0,89.97192262101146
858,4.08542013168335,-0.0,89.97192262101146
859,4.085381031036377,-0.0,89.97192262101146
860,4.085484504699707,-0.0,89.97192262101146
861,4.085483074188232,-0.0,89.97192262101146
862,4.085328102111816,-0.0,89.97192262101146
863,4.0854082107543945,-0.0,89.97192262101146
864,4.085321426391602,-0.0,89.97192262101146
865,4.085378646850586,-0.0,89.97192262101146
866,4.085348129272461,-0.0,89.97192262101146
867,4.085297584533691,-0.0,89.97192262101146
868,4.085405349731445,-0.0,89.97192262101146
869,4.085474491119385,-0.0,89.97192262101146
870,4.085453510284424,-0.0,89.97192262101146
871,4.085357666015625,-0.0,89.97192262101146
872,4.085484027862549,-0.0,89.97192262101146
873,4.085504531860352,-0.0,89.97192262101146
874,4.085465431213379,-0.0,89.97192262101146
875,4.0855021476745605,-0.0,89.97192262101146
876,4.0853753089904785,-0.0,89.97192262101146
877,4.085427284240723,-0.0,89.97192262101146
878,4.085508346557617,-0.0,89.97192262101146
879,4.085445404052734,-0.0,89.97192262101146
880,4.085331916809082,-0.0,89.97192262101146
881,4.085544586181641,-0.0,89.97192262101146
882,4.08548641204834,-0.0,89.97192262101146
883,4.085582256317139,-0.0,89.97192262101146
884,4.085445404052734,-0.0,89.97192262101146
885,4.085587978363037,-0.0,89.97192262101146
886,4.085653305053711,-0.0,89.97192262101146
887,4.085598468780518,-0.0,89.97192262101146
888,4.085511684417725,-0.0,89.97192262101146
889,4.085611820220947,-0.0,89.97192262101146
890,4.085639476776123,-0.0,89.97192262101146
891,4.0856828689575195,-0.0,89.97192262101146
892,4.085468292236328,-0.0,89.97192262101146
893,4.085655212402344,-0.0,89.97192262101146
894,4.085543632507324,-0.0,89.97192262101146
895,4.085428237915039,-0.0,89.97192262101146
896,4.085549831390381,-0.0,89.97192262101146
897,4.085599422454834,-0.0,89.97192262101146
898,4.085451602935791,-0.0,89.97192262101146
899,4.085601329803467,-0.0,89.97192262101146
900,4.085593223571777,-0.0,89.97192262101146
901,4.085526466369629,-0.0,89.97192262101146
902,4.085625648498535,-0.0,89.97192262101146
903,4.08564567565918,-0.0,89.97192262101146
904,4.085597515106201,-0.0,89.97192262101146
905,4.085649013519287,-0.0,89.97192262101146
906,4.085625648498535,-0.0,89.97192262101146
907,4.085639476776123,-0.0,89.97192262101146
908,4.08568811416626,-0.0,89.97192262101146
909,4.085708141326904,-0.0,89.97192262101146
910,4.08564567565918,-0.0,89.97192262101146
911,4.085702896118164,-0.0,89.97192262101146
912,4.085638523101807,-0.0,89.97192262101146
913,4.085578441619873,-0.0,89.97192262101146
914,4.085689067840576,-0.0,89.97192262101146
915,4.085559368133545,-0.0,89.97192262101146
916,4.085702896118164,-0.0,89.97192262101146
917,4.085699558258057,-0.0,89.97192262101146
918,4.085716724395752,-0.0,89.97192262101146
919,4.085754871368408,-0.0,89.97192262101146
920,4.08555793762207,-0.0,89.97192262101146
921,4.085578441619873,-0.0,89.97192262101146
922,4.0857062339782715,-0.0,89.97192262101146
923,4.085718631744385,-0.0,89.97192262101146
924,4.085810661315918,-0.0,89.97192262101146
925,4.085750579833984,-0.0,89.97192262101146
926,4.085768699645996,-0.0,89.97192262101146
927,4.0857038497924805,-0.0,89.97192262101146
928,4.08569860458374,-0.0,89.97192262101146
929,4.08574104309082,-0.0,89.97192262101146
930,4.085689067840576,-0.0,89.97192262101146
931,4.085831642150879,-0.0,89.97192262101146
932,4.085754871368408,-0.0,89.97192262101146
933,4.085718631744385,-0.0,89.97192262101146
934,4.085728168487549,-0.0,89.97192262101146
935,4.085712432861328,-0.0,89.97192262101146
936,4.085820198059082,-0.0,89.97192262101146
937,4.085812568664551,-0.0,89.97192262101146
938,4.085783004760742,-0.0,89.97192262101146
939,4.085812568664551,-0.0,89.97192262101146
940,4.0857834815979,-0.0,89.97192262101146
941,4.0857834815979,-0.0,89.97192262101146
942,4.085865497589111,-0.0,89.97192262101146
943,4.08583927154541,-0.0,89.97192262101146
944,4.085773944854736,-0.0,89.97192262101146
945,4.085803508758545,-0.0,89.97192262101146
946,4.085930824279785,-0.0,89.97192262101146
947,4.085960865020752,-0.0,89.97192262101146
948,4.085999488830566,-0.0,89.97192262101146
949,4.085843563079834,-0.0,89.97192262101146
950,4.085773944854736,-0.0,89.97192262101146
951,4.08578634262085,-0.0,89.97192262101146
952,4.085803031921387,-0.0,89.97192262101146
953,4.0859904289245605,-0.0,89.97192262101146
954,4.085935592651367,-0.0,89.97192262101146
955,4.085832595825195,-0.0,89.97192262101146
956,4.085912227630615,-0.0,89.97192262101146
957,4.085841178894043,-0.0,89.97192262101146
958,4.085851669311523,-0.0,89.97192262101146
959,4.085843563079834,-0.0,89.97192262101146
960,4.085779190063477,-0.0,89.97192262101146
961,4.085808277130127,-0.0,89.97192262101146
962,4.086056709289551,-0.0,89.97192262101146
963,4.085856914520264,-0.0,89.97192262101146
964,4.0859150886535645,-0.0,89.97192262101146
965,4.0859375,-0.0,89.97192262101146
966,4.085868835449219,-0.0,89.97192262101146
967,4.086014747619629,-0.0,89.97192262101146
968,4.085910797119141,-0.0,89.97192262101146
969,4.08588171005249,-0.0,89.97192262101146
970,4.085931301116943,-0.0,89.97192262101146
971,4.085911273956299,-0.0,89.97192262101146
972,4.086033344268799,-0.0,89.97192262101146
973,4.085955619812012,-0.0,89.97192262101146
974,4.086001873016357,-0.0,89.97192262101146
975,4.085951328277588,-0.0,89.97192262101146
976,4.085870742797852,-0.0,89.97192262101146
977,4.0859551429748535,-0.0,89.97192262101146
978,4.085814952850342,-0.0,89.97192262101146
979,4.085920333862305,-0.0,89.97192262101146
980,4.086070537567139,-0.0,89.97192262101146
981,4.086060047149658,-0.0,89.97192262101146
982,4.0859904289245605,-0.0,89.97192262101146
983,4.08597993850708,-0.0,89.97192262101146
984,4.085961818695068,-0.0,89.97192262101146
985,4.0860915184021,-0.0,89.97192262101146
986,4.086010456085205,-0.0,89.97192262101146
987,4.085968971252441,-0.0,89.97192262101146
988,4.0860748291015625,-0.0,89.97192262101146
989,4.086057662963867,-0.0,89.97192262101146
990,4.086188793182373,-0.0,89.97192262101146
991,4.086023807525635,-0.0,89.97192262101146
992,4.0860981941223145,-0.0,89.97192262101146
993,4.086069583892822,-0.0,89.97192262101146
994,4.086087226867676,-0.0,89.97192262101146
995,4.086008071899414,-0.0,89.97192262101146
996,4.086048126220703,-0.0,89.97192262101146
997,4.086060047149658,-0.0,89.97192262101146
998,4.08599328994751,-0.0,89.97192262101146
999,4.0861124992370605,-0.0,89.97192262101146
